{"band_0": 0.19048610465575523, "band_1": 0.19615030016268702, "band_2": 0.2125846014779801, "band_3": 0.21476670175116374, "band_4": 0.347457205638518, "band_5": 0.2390436189214837, "band_6": 0.17736793155031446}