{"band_0": 0.18168019890450375, "band_1": 0.18805927958530722, "band_2": 0.20592676343591497, "band_3": 0.20806291225568016, "band_4": 0.3423790143310607, "band_5": 0.23654847637549638, "band_6": 0.17482840221654344}